Handle,Title,Body (HTML),Vendor,Product Category,Type,Tags,Published,Option1 Name,Option1 Value,Option2 Name,Option2 Value,Variant SKU,Variant Grams,Variant Inventory Tracker,Variant Inventory Qty,Variant Inventory Policy,Variant Fulfillment Service,Variant Price,Variant Compare At Price,Variant Requires Shipping,Variant Taxable,Status
whiskey-cream,Whiskey Cream 750ml,"<p>Triple-distilled aged whiskey matured in charred American oak, blended with Venezuelan roasted cocoa and pure velvet dairy cream. Hand-batched and sealed in glass.</p><ul><li><strong>ABV:</strong> 17% Alc / Vol</li><li><strong>Volume:</strong> 750 ML (6–8 Servings)</li><li><strong>Ingredients:</strong> Triple-Distilled Whiskey, Roasted Cocoa, Dairy Cream, Bourbon Vanilla</li><li><strong>Serving Ritual:</strong> Shake vigorously with ice, strain into a chilled coupe or rocks glass.</li></ul>",Lucky Shaker LLC,,Ready to Pour Craft Cocktail,"Reserve Collection, Best Seller, Whiskey, 750ml, Featured",true,Size,750 ML,Format,Glass Bottle,LS-WC-750,1400,shopify,150,continue,manual,38.00,,true,true,active
old-fashioned,Old Fashioned 750ml,"<p>An uncompromising classic combining Kentucky straight bourbon, Angostura aromatic bitters, caramelized demerara sugar, and cold-expressed orange oils.</p><ul><li><strong>ABV:</strong> 24% Alc / Vol</li><li><strong>Volume:</strong> 750 ML (6–8 Servings)</li><li><strong>Ingredients:</strong> Bourbon Whiskey, Bitters, Sugar, Orange Peel</li><li><strong>Serving Ritual:</strong> Pour over a large crystal ice sphere, garnish with fresh orange peel.</li></ul>",Lucky Shaker LLC,,Ready to Pour Craft Cocktail,"Reserve Collection, Best Seller, Bourbon, 750ml, Featured",true,Size,750 ML,Format,Glass Bottle,LS-OF-750,1400,shopify,150,continue,manual,42.00,,true,true,active
mojito,Craft Mojito 750ml,"<p>Crisp white rum infused with hand-crushed spearmint, freshly squeezed key limes, and cane sugar. Refreshingly bright with aromatic herbal notes.</p><ul><li><strong>ABV:</strong> 12% Alc / Vol</li><li><strong>Volume:</strong> 750 ML (6–8 Servings)</li><li><strong>Ingredients:</strong> White Rum, Fresh Lime, Spearmint, Cane Sugar</li><li><strong>Serving Ritual:</strong> Pour into a highball over crushed ice, top with a splash of soda and a mint sprig.</li></ul>",Lucky Shaker LLC,,Ready to Pour Craft Cocktail,"Reserve Collection, Best Seller, Rum, 750ml, Featured",true,Size,750 ML,Format,Glass Bottle,LS-MOJ-750,1400,shopify,150,continue,manual,36.00,,true,true,active
margarita,Margarita 750ml,"<p>Un clásico refrescante de tequila 100% agave y cítricos frescos, con un equilibrio perfecto entre acidez vibrante y sutil dulzor.</p><ul><li><strong>ABV:</strong> 18% Alc / Vol</li><li><strong>Volume:</strong> 750 ML</li><li><strong>Ingredients:</strong> Tequila 100% Agave, Lima, Naranja, Agave Orgánico</li></ul>",Lucky Shaker LLC,,Ready to Pour Craft Cocktail,"Tequila, Citrus, 750ml, Reserve",true,Size,750 ML,Format,Glass Bottle,LS-MARG-750,1400,shopify,100,continue,manual,38.00,,true,true,active
daiquiri,Daiquiri 750ml,"<p>Ron blanco superior, zumo de lima recién exprimido y azúcar de caña. El epítome del balance en la coctelería clásica.</p><ul><li><strong>ABV:</strong> 14% Alc / Vol</li><li><strong>Volume:</strong> 750 ML</li><li><strong>Ingredients:</strong> Ron Blanco, Lima, Azúcar de Caña</li></ul>",Lucky Shaker LLC,,Ready to Pour Craft Cocktail,"Rum, Classic, 750ml, Reserve",true,Size,750 ML,Format,Glass Bottle,LS-DAIQ-750,1400,shopify,100,continue,manual,36.00,,true,true,active
gin-tonic,Gin & Tonic 750ml,"<p>Limpio, botánico y sumamente aromático, elaborado con ginebra artesanal de enebro y toques cítricos de pomelo y lima.</p><ul><li><strong>ABV:</strong> 14% Alc / Vol</li><li><strong>Volume:</strong> 750 ML</li><li><strong>Ingredients:</strong> Gin Botánico, Tonic, Cítricos</li></ul>",Lucky Shaker LLC,,Ready to Pour Craft Cocktail,"Gin, Botanical, 750ml, Reserve",true,Size,750 ML,Format,Glass Bottle,LS-GT-750,1400,shopify,100,continue,manual,38.00,,true,true,active
paloma,Paloma 750ml,"<p>Tequila y toronja rosada se unen en un cóctel brillante, cítrico y delicadamente efervescente con un toque de sal marina.</p><ul><li><strong>ABV:</strong> 15% Alc / Vol</li><li><strong>Volume:</strong> 750 ML</li><li><strong>Ingredients:</strong> Tequila, Toronja, Lima, Sal Marina</li></ul>",Lucky Shaker LLC,,Ready to Pour Craft Cocktail,"Tequila, Citrus, 750ml, Reserve",true,Size,750 ML,Format,Glass Bottle,LS-PAL-750,1400,shopify,100,continue,manual,38.00,,true,true,active
mimosa,Mimosa 750ml,"<p>La combinación perfecta de zumo de naranja valenciana y vino espumoso prosecco. Ligera, chispeante y festiva.</p><ul><li><strong>ABV:</strong> 11% Alc / Vol</li><li><strong>Volume:</strong> 750 ML</li><li><strong>Ingredients:</strong> Jugo de Naranja, Prosecco</li></ul>",Lucky Shaker LLC,,Ready to Pour Craft Cocktail,"Sparkling, Brunch, 750ml, Reserve",true,Size,750 ML,Format,Glass Bottle,LS-MIM-750,1400,shopify,100,continue,manual,34.00,,true,true,active
moscow-mule,Moscow Mule 750ml,"<p>Vodka ultra-purificado, ginger beer con jengibre natural y jugo de lima. Intenso, picante y vigorizante.</p><ul><li><strong>ABV:</strong> 14% Alc / Vol</li><li><strong>Volume:</strong> 750 ML</li><li><strong>Ingredients:</strong> Vodka, Ginger Beer, Lima</li></ul>",Lucky Shaker LLC,,Ready to Pour Craft Cocktail,"Vodka, Ginger, 750ml, Reserve",true,Size,750 ML,Format,Glass Bottle,LS-MM-750,1400,shopify,100,continue,manual,38.00,,true,true,active
cosmopolitan,Cosmopolitan 750ml,"<p>Elegante y vibrante. Vodka premium con notas ácidas de arándano rojo (cranberry), triple sec y lima fresca.</p><ul><li><strong>ABV:</strong> 18% Alc / Vol</li><li><strong>Volume:</strong> 750 ML</li><li><strong>Ingredients:</strong> Vodka, Cranberry, Naranja, Lima</li></ul>",Lucky Shaker LLC,,Ready to Pour Craft Cocktail,"Vodka, Elegant, 750ml, Reserve",true,Size,750 ML,Format,Glass Bottle,LS-COSMO-750,1400,shopify,100,continue,manual,38.00,,true,true,active
sex-on-the-beach,Sex on the Beach 750ml,"<p>Frutal y seductor. Vodka infusionado con durazno aterciopelado, jugo de naranja y cranberry natural.</p><ul><li><strong>ABV:</strong> 14% Alc / Vol</li><li><strong>Volume:</strong> 750 ML</li><li><strong>Ingredients:</strong> Vodka, Durazno, Naranja, Cranberry</li></ul>",Lucky Shaker LLC,,Ready to Pour Craft Cocktail,"Vodka, Tropical, 750ml, Reserve",true,Size,750 ML,Format,Glass Bottle,LS-SOTB-750,1400,shopify,100,continue,manual,36.00,,true,true,active
pina-colada,Piña Colada 750ml,"<p>Cremosa y paradisíaca. Ron caribeño, crema de coco natural y jugo de piña madura perfectamente emulsionados.</p><ul><li><strong>ABV:</strong> 15% Alc / Vol</li><li><strong>Volume:</strong> 750 ML</li><li><strong>Ingredients:</strong> Ron Blanco, Piña, Crema de Coco</li></ul>",Lucky Shaker LLC,,Ready to Pour Craft Cocktail,"Rum, Coconut, 750ml, Reserve",true,Size,750 ML,Format,Glass Bottle,LS-PC-750,1400,shopify,100,continue,manual,38.00,,true,true,active
blue-hawaii,Blue Hawaii 750ml,"<p>Un espectáculo visual tropical de color azul zafiro. Ron, vodka, blue curaçao cítrico y piña fresca.</p><ul><li><strong>ABV:</strong> 16% Alc / Vol</li><li><strong>Volume:</strong> 750 ML</li><li><strong>Ingredients:</strong> Ron, Vodka, Blue Curaçao, Piña</li></ul>",Lucky Shaker LLC,,Ready to Pour Craft Cocktail,"Tropical, Exotic, 750ml, Reserve",true,Size,750 ML,Format,Glass Bottle,LS-BH-750,1400,shopify,100,continue,manual,38.00,,true,true,active
malibu-bay-breeze,Malibu Bay Breeze 750ml,"<p>Suave y refrescante. Ron de coco Malibu con el contraste agridulce de jugo de piña y cranberry.</p><ul><li><strong>ABV:</strong> 13% Alc / Vol</li><li><strong>Volume:</strong> 750 ML</li><li><strong>Ingredients:</strong> Malibu Rum, Piña, Cranberry</li></ul>",Lucky Shaker LLC,,Ready to Pour Craft Cocktail,"Rum, Coconut, 750ml, Reserve",true,Size,750 ML,Format,Glass Bottle,LS-MBB-750,1400,shopify,100,continue,manual,36.00,,true,true,active
negroni,Negroni 750ml,"<p>La trinidad italiana indiscutible: ginebra seca, bitter Campari y vermouth rosso añejado en roble.</p><ul><li><strong>ABV:</strong> 24% Alc / Vol</li><li><strong>Volume:</strong> 750 ML</li><li><strong>Ingredients:</strong> Gin, Campari, Vermouth Rojo</li></ul>",Lucky Shaker LLC,,Ready to Pour Craft Cocktail,"Gin, Bitter, 750ml, Reserve",true,Size,750 ML,Format,Glass Bottle,LS-NEG-750,1400,shopify,100,continue,manual,42.00,,true,true,active
manhattan,Manhattan 750ml,"<p>Profundo, aristocrático y complejo. Rye whiskey especiado, vermouth dulce y gotas de bitters aromáticos.</p><ul><li><strong>ABV:</strong> 24% Alc / Vol</li><li><strong>Volume:</strong> 750 ML</li><li><strong>Ingredients:</strong> Rye Whiskey, Vermouth Rojo, Bitters</li></ul>",Lucky Shaker LLC,,Ready to Pour Craft Cocktail,"Whiskey, Rich, 750ml, Reserve",true,Size,750 ML,Format,Glass Bottle,LS-MAN-750,1400,shopify,100,continue,manual,42.00,,true,true,active
classic-martini,Classic Martini 750ml,"<p>El rey de los cócteles secos. Gin botánico premium y vermouth francés dry con twist de piel de limón.</p><ul><li><strong>ABV:</strong> 26% Alc / Vol</li><li><strong>Volume:</strong> 750 ML</li><li><strong>Ingredients:</strong> Gin Premium, Dry Vermouth, Limón</li></ul>",Lucky Shaker LLC,,Ready to Pour Craft Cocktail,"Gin, Dry, 750ml, Reserve",true,Size,750 ML,Format,Glass Bottle,LS-MART-750,1400,shopify,100,continue,manual,42.00,,true,true,active
espresso-martini,Espresso Martini 750ml,"<p>Intenso, oscuro y con una sedosa capa de crema. Vodka puro con café espresso descafeinado y licor de café de altura.</p><ul><li><strong>ABV:</strong> 20% Alc / Vol</li><li><strong>Volume:</strong> 750 ML</li><li><strong>Ingredients:</strong> Vodka, Decaf Espresso, Coffee Liqueur, Sugar</li></ul>",Lucky Shaker LLC,,Ready to Pour Craft Cocktail,"Vodka, Coffee, 750ml, Reserve",true,Size,750 ML,Format,Glass Bottle,LS-EM-750,1400,shopify,100,continue,manual,40.00,,true,true,active
caipirinha,Caipirinha 750ml,"<p>El alma de Brasil. Cachaça destilada de caña fresca, limas machacadas y azúcar moreno natural.</p><ul><li><strong>ABV:</strong> 18% Alc / Vol</li><li><strong>Volume:</strong> 750 ML</li><li><strong>Ingredients:</strong> Cachaça, Lima, Azúcar</li></ul>",Lucky Shaker LLC,,Ready to Pour Craft Cocktail,"Cachaça, Vibrant, 750ml, Reserve",true,Size,750 ML,Format,Glass Bottle,LS-CAIP-750,1400,shopify,100,continue,manual,38.00,,true,true,active
